accuracy,time,splitting,pars,n_e
98.33402960597172,Thu Mar 26 16:33:13 2020,True,10,15
98.33402960597172,Thu Mar 26 16:35:34 2020,True,10,15
98.35130853478411,Thu Mar 26 16:36:57 2020,True,5,15
98.34412823498756,Thu Mar 26 16:38:01 2020,True,3,15
